"","ID","Description","setSize","enrichmentScore","NES","pvalue","p.adjust","qvalues","rank","leading_edge","core_enrichment"
"tRNA","tRNA","tRNA",38,0.671602941489912,2.45996346326231,2.40965942681078e-08,7.22897828043234e-08,2.53648360716924e-08,489,"tags=53%, list=9%, signal=48%","6803t14/6803t09/6803t18/6803t41/6803t27/6803t38/6803t33/6803t28/6803t39/6803t36/6803t17/6803t06/6803t16/6803t22/6803t20/6803t10/6803t05/6803t13/6803t42/6803t21"
"3UTR","3UTR","3UTR",29,0.556178026421835,1.91052235372079,0.000789490368629647,0.00118423555294447,0.000415521246647182,1062,"tags=48%, list=20%, signal=39%","sll0057_3'UTR/slr2051_3'UTR/ssl0563_3'UTR/slr0927_3'UTR/sml0007_3'UTR/sml0001_3'UTR/slr0493_3'UTR/slr0993_3'UTR/6803t13_3'UTR/Norf4_3'UTR/slr0228_3'UTR/sll1181_3'UTR/sll0617_3'UTR/slr0483_3'UTR"
