"","ID","Description","setSize","enrichmentScore","NES","pvalue","p.adjust","qvalues","rank","leading_edge","core_enrichment"
"syn00195","syn00195","Photosynthesis",63,0.92942044563454,1.58049095739837,2.77854367835028e-05,0.00172269708057717,0.00172269708057717,195,"tags=70%, list=5%, signal=67%","smr0005/sml0008/slr1311/slr1835/slr1834/ssr2831/smr0004/sll0851/sll0199/sml0007/ssl0563/sml0002/slr1655/sll0819/slr0737/ssl2598/sll0258/slr0343/ssl2615/ssl0020/sml0005/sml0001/slr0927/sll1194/sll1322/smr0010/sml0003/slr0906/slr0342/ssr0390/sll1867/smr0008/sll0849/sll0427/smr0006/sll1281/slr1643/smr0003/ssr3451/sll1316/sll1317/sml0004/smr0007/slr1329"
