"","ID","Description","GeneRatio","BgRatio","pvalue","p.adjust","qvalue","geneID","Count"
"GO:0003677","GO:0003677","DNA binding","8/36","145/2423",0.000978538144619175,0.0489269072309587,0.0422316462414591,"sll0649/sll0856/sll1689/sll7106/slr0449/slr7049/slr7071/slr7092",8
