"","ID","Description","GeneRatio","BgRatio","pvalue","p.adjust","qvalue","geneID","Count"
"GO:0015979","GO:0015979","photosynthesis","20/157","86/2593",7.65545973104049e-08,1.02583160395943e-05,9.26713546389112e-06,"sll1214/slr0737/sll1194/sll1184/smr0005/slr1055/slr2051/sll1580/sll1578/sll1577/slr1834/slr1835/slr1986/sml0008/sll1091/ssr2831/sll0427/slr0335/smr0001/slr0342",20
"GO:0018298","GO:0018298","protein-chromophore linkage","9/157","31/2593",5.54110659752116e-05,0.00371254142033918,0.00335382767744702,"slr1311/sll1578/sll1577/slr1834/slr1835/sll0851/slr1986/slr1963/slr0335",9
"GO:0030089","GO:0030089","phycobilisome","7/157","24/2593",0.000376433396774057,0.0168140250559079,0.0151894177645672,"slr2051/sll1580/sll1578/sll1577/slr1986/slr1963/slr0335",7
"GO:0006457","GO:0006457","protein folding","6/157","19/2593",0.000628435816906949,0.0210525998663828,0.0190184523537629,"sll1932/slr2076/sll1988/slr0093/sll0535/sll0533",6
"GO:0051082","GO:0051082","unfolded protein binding","5/157","15/2593",0.00139651096888221,0.0343537034664766,0.0310343746947746,"sll1932/slr2076/sll1988/slr0093/sll0535",5
"GO:0042651","GO:0042651","thylakoid membrane","14/157","96/2593",0.0015382255283497,0.0343537034664766,0.0310343746947746,"slr1311/sll1322/smr0005/slr1834/slr1835/sll1463/ssl2501/sll0851/sml0008/ssr2831/ssl0563/smr0001/slr0342/sll0199",14
"GO:0016168","GO:0016168","chlorophyll binding","4/157","10/2593",0.00203829767782792,0.0390188412612774,0.0352487568346182,"slr1311/slr1834/slr1835/sll0851",4
"GO:0051301","GO:0051301","cell division","5/157","17/2593",0.00260631842784917,0.0436558336664736,0.0394377130529809,"sll1633/slr0374/sll0535/sll0533/slr1423",5
