"","ID","Description","setSize","enrichmentScore","NES","pvalue","p.adjust","qvalues","rank","leading_edge","core_enrichment"
"AP006585.1","AP006585.1","AP006585.1",54,0.45386217857676,1.66590583286945,0.00313474256987699,0.012538970279508,0.00659945804184629,448,"tags=28%, list=11%, signal=25%","TU6055/TU6002/TU6053/TU6101/TU6085/TU6054/TU6034/TU6030/TU6045/TU6095/TU6091/TU6038/TU6103/TU6051/TU6033"
